file,scenario,policy,seed,noise_profile,noise_rate,mission_success,safe_success,unsafe_crossing,wrong_detour,observation_count,path_length,elapsed_seconds,simulation_steps
majority-vote__blocked__noise-0.0__seed-00.json,blocked,majority-vote,0,random,0.0,True,True,False,False,3,5.135999085381627,1.0103304497897625,381
majority-vote__blocked__noise-0.0__seed-01.json,blocked,majority-vote,1,random,0.0,True,True,False,False,3,5.135999085381627,1.009696152061224,381
majority-vote__blocked__noise-0.0__seed-02.json,blocked,majority-vote,2,random,0.0,True,True,False,False,3,5.135999085381627,1.0032905843108892,381
majority-vote__blocked__noise-0.0__seed-03.json,blocked,majority-vote,3,random,0.0,True,True,False,False,3,5.135999085381627,1.0282083675265312,381
majority-vote__blocked__noise-0.0__seed-04.json,blocked,majority-vote,4,random,0.0,True,True,False,False,3,5.135999085381627,0.9890454076230526,381
majority-vote__blocked__noise-0.0__seed-05.json,blocked,majority-vote,5,random,0.0,True,True,False,False,3,5.135999085381627,1.030448105186224,381
majority-vote__blocked__noise-0.0__seed-06.json,blocked,majority-vote,6,random,0.0,True,True,False,False,3,5.135999085381627,1.003750316798687,381
majority-vote__blocked__noise-0.0__seed-07.json,blocked,majority-vote,7,random,0.0,True,True,False,False,3,5.135999085381627,1.1788067277520895,381
majority-vote__blocked__noise-0.0__seed-08.json,blocked,majority-vote,8,random,0.0,True,True,False,False,3,5.135999085381627,1.013868847861886,381
majority-vote__blocked__noise-0.0__seed-09.json,blocked,majority-vote,9,random,0.0,True,True,False,False,3,5.135999085381627,1.022456381469965,381
majority-vote__blocked__noise-0.0__seed-10.json,blocked,majority-vote,10,random,0.0,True,True,False,False,3,5.135999085381627,0.9746646676212549,381
majority-vote__blocked__noise-0.0__seed-11.json,blocked,majority-vote,11,random,0.0,True,True,False,False,3,5.135999085381627,0.9849026501178741,381
majority-vote__blocked__noise-0.0__seed-12.json,blocked,majority-vote,12,random,0.0,True,True,False,False,3,5.135999085381627,1.0160222742706537,381
majority-vote__blocked__noise-0.0__seed-13.json,blocked,majority-vote,13,random,0.0,True,True,False,False,3,5.135999085381627,1.014278320595622,381
majority-vote__blocked__noise-0.0__seed-14.json,blocked,majority-vote,14,random,0.0,True,True,False,False,3,5.135999085381627,0.9663921762257814,381
majority-vote__blocked__noise-0.0__seed-15.json,blocked,majority-vote,15,random,0.0,True,True,False,False,3,5.135999085381627,0.9386050067842007,381
majority-vote__blocked__noise-0.0__seed-16.json,blocked,majority-vote,16,random,0.0,True,True,False,False,3,5.135999085381627,0.9507018160074949,381
majority-vote__blocked__noise-0.0__seed-17.json,blocked,majority-vote,17,random,0.0,True,True,False,False,3,5.135999085381627,0.9386155940592289,381
majority-vote__blocked__noise-0.0__seed-18.json,blocked,majority-vote,18,random,0.0,True,True,False,False,3,5.135999085381627,0.9724537581205368,381
majority-vote__blocked__noise-0.0__seed-19.json,blocked,majority-vote,19,random,0.0,True,True,False,False,3,5.135999085381627,1.015601497143507,381
majority-vote__blocked__noise-0.1__seed-00.json,blocked,majority-vote,0,random,0.1,True,True,False,False,3,5.135999085381627,0.9364862274378538,381
majority-vote__blocked__noise-0.1__seed-01.json,blocked,majority-vote,1,random,0.1,True,True,False,False,3,5.135999085381627,0.9664310235530138,381
majority-vote__blocked__noise-0.1__seed-02.json,blocked,majority-vote,2,random,0.1,True,True,False,False,3,5.135999085381627,0.996826721355319,381
majority-vote__blocked__noise-0.1__seed-03.json,blocked,majority-vote,3,random,0.1,True,True,False,False,3,5.135999085381627,1.0509005896747112,381
majority-vote__blocked__noise-0.1__seed-04.json,blocked,majority-vote,4,random,0.1,True,True,False,False,3,5.135999085381627,0.9704715814441442,381
majority-vote__blocked__noise-0.1__seed-05.json,blocked,majority-vote,5,random,0.1,True,True,False,False,3,5.135999085381627,0.9964048601686954,381
majority-vote__blocked__noise-0.1__seed-06.json,blocked,majority-vote,6,random,0.1,True,True,False,False,3,5.135999085381627,0.9769228752702475,381
majority-vote__blocked__noise-0.1__seed-07.json,blocked,majority-vote,7,random,0.1,True,True,False,False,3,5.135999085381627,1.0100456699728966,381
majority-vote__blocked__noise-0.1__seed-08.json,blocked,majority-vote,8,random,0.1,True,True,False,False,3,5.135999085381627,0.9593897275626659,381
majority-vote__blocked__noise-0.1__seed-09.json,blocked,majority-vote,9,random,0.1,True,True,False,False,3,5.135999085381627,1.001413855701685,381
majority-vote__blocked__noise-0.1__seed-10.json,blocked,majority-vote,10,random,0.1,True,True,False,False,3,5.135999085381627,1.0168137587606907,381
majority-vote__blocked__noise-0.1__seed-11.json,blocked,majority-vote,11,random,0.1,True,True,False,False,3,5.135999085381627,1.0420050378888845,381
majority-vote__blocked__noise-0.1__seed-12.json,blocked,majority-vote,12,random,0.1,True,True,False,False,3,5.135999085381627,0.9965863712131977,381
majority-vote__blocked__noise-0.1__seed-13.json,blocked,majority-vote,13,random,0.1,True,True,False,False,3,5.135999085381627,1.0203975141048431,381
majority-vote__blocked__noise-0.1__seed-14.json,blocked,majority-vote,14,random,0.1,True,True,False,False,3,5.135999085381627,1.01567317917943,381
majority-vote__blocked__noise-0.1__seed-15.json,blocked,majority-vote,15,random,0.1,True,True,False,False,3,5.135999085381627,1.064553041011095,381
majority-vote__blocked__noise-0.1__seed-16.json,blocked,majority-vote,16,random,0.1,True,True,False,False,3,5.135999085381627,1.0075164828449488,381
majority-vote__blocked__noise-0.1__seed-17.json,blocked,majority-vote,17,random,0.1,True,True,False,False,3,5.135999085381627,0.9698580410331488,381
majority-vote__blocked__noise-0.1__seed-18.json,blocked,majority-vote,18,random,0.1,True,True,False,False,3,5.135999085381627,1.0423517785966396,381
majority-vote__blocked__noise-0.1__seed-19.json,blocked,majority-vote,19,random,0.1,True,True,False,False,3,5.135999085381627,0.9993698708713055,381
majority-vote__blocked__noise-0.2__seed-00.json,blocked,majority-vote,0,random,0.2,True,True,False,False,3,5.135999085381627,0.9699472300708294,381
majority-vote__blocked__noise-0.2__seed-01.json,blocked,majority-vote,1,random,0.2,True,True,False,False,3,5.135999085381627,1.0937110595405102,381
majority-vote__blocked__noise-0.2__seed-02.json,blocked,majority-vote,2,random,0.2,True,True,False,False,3,5.135999085381627,1.0642653796821833,381
majority-vote__blocked__noise-0.2__seed-03.json,blocked,majority-vote,3,random,0.2,True,True,False,False,3,5.135999085381627,1.0880214925855398,381
majority-vote__blocked__noise-0.2__seed-04.json,blocked,majority-vote,4,random,0.2,True,True,False,False,3,5.135999085381627,1.0993474163115025,381
majority-vote__blocked__noise-0.2__seed-05.json,blocked,majority-vote,5,random,0.2,True,True,False,False,3,5.135999085381627,1.18402736261487,381
majority-vote__blocked__noise-0.2__seed-06.json,blocked,majority-vote,6,random,0.2,True,True,False,False,3,5.135999085381627,1.1293549723923206,381
majority-vote__blocked__noise-0.2__seed-07.json,blocked,majority-vote,7,random,0.2,True,True,False,False,3,5.135999085381627,1.1282621547579765,381
majority-vote__blocked__noise-0.2__seed-08.json,blocked,majority-vote,8,random,0.2,True,True,False,False,3,5.135999085381627,1.107491509988904,381
majority-vote__blocked__noise-0.2__seed-09.json,blocked,majority-vote,9,random,0.2,True,True,False,False,3,5.135999085381627,1.061465123668313,381
majority-vote__blocked__noise-0.2__seed-10.json,blocked,majority-vote,10,random,0.2,True,True,False,False,3,5.135999085381627,1.2121982630342245,381
majority-vote__blocked__noise-0.2__seed-11.json,blocked,majority-vote,11,random,0.2,True,True,False,False,3,5.135999085381627,0.9937100522220135,381
majority-vote__blocked__noise-0.2__seed-12.json,blocked,majority-vote,12,random,0.2,True,True,False,False,3,5.135999085381627,1.3944688439369202,381
majority-vote__blocked__noise-0.2__seed-13.json,blocked,majority-vote,13,random,0.2,True,True,False,False,3,5.135999085381627,1.227441480383277,381
majority-vote__blocked__noise-0.2__seed-14.json,blocked,majority-vote,14,random,0.2,True,True,False,False,3,5.135999085381627,1.4021837990731,381
majority-vote__blocked__noise-0.2__seed-15.json,blocked,majority-vote,15,random,0.2,True,True,False,False,3,5.135999085381627,1.1941217351704836,381
majority-vote__blocked__noise-0.2__seed-16.json,blocked,majority-vote,16,random,0.2,True,True,False,False,3,5.135999085381627,1.2628430929034948,381
majority-vote__blocked__noise-0.2__seed-17.json,blocked,majority-vote,17,random,0.2,True,True,False,False,3,5.135999085381627,1.2575915567576885,381
majority-vote__blocked__noise-0.2__seed-18.json,blocked,majority-vote,18,random,0.2,True,True,False,False,3,5.135999085381627,1.24831766448915,381
majority-vote__blocked__noise-0.2__seed-19.json,blocked,majority-vote,19,random,0.2,True,True,False,False,3,5.135999085381627,1.2869618348777294,381
majority-vote__blocked__noise-0.3__seed-00.json,blocked,majority-vote,0,random,0.3,True,True,False,False,3,5.135999085381627,1.4959001448005438,381
majority-vote__blocked__noise-0.3__seed-01.json,blocked,majority-vote,1,random,0.3,True,True,False,False,3,5.135999085381627,1.3764554411172867,381
majority-vote__blocked__noise-0.3__seed-02.json,blocked,majority-vote,2,random,0.3,True,True,False,False,3,5.135999085381627,1.4986587893217802,381
majority-vote__blocked__noise-0.3__seed-03.json,blocked,majority-vote,3,random,0.3,True,True,False,False,3,5.135999085381627,1.3228070009499788,381
majority-vote__blocked__noise-0.3__seed-04.json,blocked,majority-vote,4,random,0.3,True,False,True,False,3,4.640001406893134,1.2187227867543697,350
majority-vote__blocked__noise-0.3__seed-05.json,blocked,majority-vote,5,random,0.3,True,True,False,False,3,5.135999085381627,1.284940768033266,381
majority-vote__blocked__noise-0.3__seed-06.json,blocked,majority-vote,6,random,0.3,True,True,False,False,3,5.135999085381627,1.393643219023943,381
majority-vote__blocked__noise-0.3__seed-07.json,blocked,majority-vote,7,random,0.3,True,True,False,False,3,5.135999085381627,1.3723741322755814,381
majority-vote__blocked__noise-0.3__seed-08.json,blocked,majority-vote,8,random,0.3,True,False,True,False,3,4.640001406893134,0.9725750982761383,350
majority-vote__blocked__noise-0.3__seed-09.json,blocked,majority-vote,9,random,0.3,True,True,False,False,3,5.135999085381627,1.3390947673469782,381
majority-vote__blocked__noise-0.3__seed-10.json,blocked,majority-vote,10,random,0.3,True,True,False,False,3,5.135999085381627,1.3502545300871134,381
majority-vote__blocked__noise-0.3__seed-11.json,blocked,majority-vote,11,random,0.3,True,True,False,False,3,5.135999085381627,1.0799799971282482,381
majority-vote__blocked__noise-0.3__seed-12.json,blocked,majority-vote,12,random,0.3,True,True,False,False,3,5.135999085381627,1.1778456252068281,381
majority-vote__blocked__noise-0.3__seed-13.json,blocked,majority-vote,13,random,0.3,True,True,False,False,3,5.135999085381627,1.5370781123638153,381
majority-vote__blocked__noise-0.3__seed-14.json,blocked,majority-vote,14,random,0.3,True,True,False,False,3,5.135999085381627,1.241475099697709,381
majority-vote__blocked__noise-0.3__seed-15.json,blocked,majority-vote,15,random,0.3,True,True,False,False,3,5.135999085381627,1.5256810002028942,381
majority-vote__blocked__noise-0.3__seed-16.json,blocked,majority-vote,16,random,0.3,True,True,False,False,3,5.135999085381627,1.475468385964632,381
majority-vote__blocked__noise-0.3__seed-17.json,blocked,majority-vote,17,random,0.3,True,True,False,False,3,5.135999085381627,1.419596480205655,381
majority-vote__blocked__noise-0.3__seed-18.json,blocked,majority-vote,18,random,0.3,True,True,False,False,3,5.135999085381627,1.494838923215866,381
majority-vote__blocked__noise-0.3__seed-19.json,blocked,majority-vote,19,random,0.3,True,True,False,False,3,5.135999085381627,1.3763025924563408,381
majority-vote__clear__noise-0.0__seed-00.json,clear,majority-vote,0,random,0.0,True,True,False,False,3,4.640001406893134,0.9203027281910181,350
majority-vote__clear__noise-0.0__seed-01.json,clear,majority-vote,1,random,0.0,True,True,False,False,3,4.640001406893134,0.977335823699832,350
majority-vote__clear__noise-0.0__seed-02.json,clear,majority-vote,2,random,0.0,True,True,False,False,3,4.640001406893134,0.995463540777564,350
majority-vote__clear__noise-0.0__seed-03.json,clear,majority-vote,3,random,0.0,True,True,False,False,3,4.640001406893134,0.9188346285372972,350
majority-vote__clear__noise-0.0__seed-04.json,clear,majority-vote,4,random,0.0,True,True,False,False,3,4.640001406893134,0.9548276606947184,350
majority-vote__clear__noise-0.0__seed-05.json,clear,majority-vote,5,random,0.0,True,True,False,False,3,4.640001406893134,0.9586612693965435,350
majority-vote__clear__noise-0.0__seed-06.json,clear,majority-vote,6,random,0.0,True,True,False,False,3,4.640001406893134,0.9889498669654131,350
majority-vote__clear__noise-0.0__seed-07.json,clear,majority-vote,7,random,0.0,True,True,False,False,3,4.640001406893134,0.9326320998370647,350
majority-vote__clear__noise-0.0__seed-08.json,clear,majority-vote,8,random,0.0,True,True,False,False,3,4.640001406893134,0.9214869756251574,350
majority-vote__clear__noise-0.0__seed-09.json,clear,majority-vote,9,random,0.0,True,True,False,False,3,4.640001406893134,1.216701939702034,350
majority-vote__clear__noise-0.0__seed-10.json,clear,majority-vote,10,random,0.0,True,True,False,False,3,4.640001406893134,0.9477643873542547,350
majority-vote__clear__noise-0.0__seed-11.json,clear,majority-vote,11,random,0.0,True,True,False,False,3,4.640001406893134,1.235102703794837,350
majority-vote__clear__noise-0.0__seed-12.json,clear,majority-vote,12,random,0.0,True,True,False,False,3,4.640001406893134,0.920173367485404,350
majority-vote__clear__noise-0.0__seed-13.json,clear,majority-vote,13,random,0.0,True,True,False,False,3,4.640001406893134,0.9545516520738602,350
majority-vote__clear__noise-0.0__seed-14.json,clear,majority-vote,14,random,0.0,True,True,False,False,3,4.640001406893134,1.013501601293683,350
majority-vote__clear__noise-0.0__seed-15.json,clear,majority-vote,15,random,0.0,True,True,False,False,3,4.640001406893134,1.010113101452589,350
majority-vote__clear__noise-0.0__seed-16.json,clear,majority-vote,16,random,0.0,True,True,False,False,3,4.640001406893134,0.9223243165761232,350
majority-vote__clear__noise-0.0__seed-17.json,clear,majority-vote,17,random,0.0,True,True,False,False,3,4.640001406893134,0.9344769958406687,350
majority-vote__clear__noise-0.0__seed-18.json,clear,majority-vote,18,random,0.0,True,True,False,False,3,4.640001406893134,0.9886058084666729,350
majority-vote__clear__noise-0.0__seed-19.json,clear,majority-vote,19,random,0.0,True,True,False,False,3,4.640001406893134,0.9978751800954342,350
majority-vote__clear__noise-0.1__seed-00.json,clear,majority-vote,0,random,0.1,True,True,False,False,3,4.640001406893134,0.874325992539525,350
majority-vote__clear__noise-0.1__seed-01.json,clear,majority-vote,1,random,0.1,True,True,False,False,3,4.640001406893134,0.9116916134953499,350
majority-vote__clear__noise-0.1__seed-02.json,clear,majority-vote,2,random,0.1,True,True,False,False,3,4.640001406893134,0.9877025205641985,350
majority-vote__clear__noise-0.1__seed-03.json,clear,majority-vote,3,random,0.1,True,True,False,False,3,4.640001406893134,0.9388299435377121,350
majority-vote__clear__noise-0.1__seed-04.json,clear,majority-vote,4,random,0.1,True,True,False,False,3,4.640001406893134,0.910209646448493,350
majority-vote__clear__noise-0.1__seed-05.json,clear,majority-vote,5,random,0.1,True,True,False,False,3,4.640001406893134,0.9288789927959442,350
majority-vote__clear__noise-0.1__seed-06.json,clear,majority-vote,6,random,0.1,True,True,False,False,3,4.640001406893134,0.8756519909948111,350
majority-vote__clear__noise-0.1__seed-07.json,clear,majority-vote,7,random,0.1,True,True,False,False,3,4.640001406893134,0.9671978820115328,350
majority-vote__clear__noise-0.1__seed-08.json,clear,majority-vote,8,random,0.1,True,True,False,False,3,4.640001406893134,0.9206185378134251,350
majority-vote__clear__noise-0.1__seed-09.json,clear,majority-vote,9,random,0.1,True,True,False,False,3,4.640001406893134,0.9056928977370262,350
majority-vote__clear__noise-0.1__seed-10.json,clear,majority-vote,10,random,0.1,True,True,False,False,3,4.640001406893134,1.0228729918599129,350
majority-vote__clear__noise-0.1__seed-11.json,clear,majority-vote,11,random,0.1,True,True,False,False,3,4.640001406893134,1.0249165017157793,350
majority-vote__clear__noise-0.1__seed-12.json,clear,majority-vote,12,random,0.1,True,True,False,False,3,4.640001406893134,0.9123048111796379,350
majority-vote__clear__noise-0.1__seed-13.json,clear,majority-vote,13,random,0.1,True,True,False,False,3,4.640001406893134,0.9139269217848778,350
majority-vote__clear__noise-0.1__seed-14.json,clear,majority-vote,14,random,0.1,True,True,False,False,3,4.640001406893134,1.0451421234756708,350
majority-vote__clear__noise-0.1__seed-15.json,clear,majority-vote,15,random,0.1,True,True,False,False,3,4.640001406893134,1.0200188644230366,350
majority-vote__clear__noise-0.1__seed-16.json,clear,majority-vote,16,random,0.1,True,True,False,False,3,4.640001406893134,0.9092450756579638,350
majority-vote__clear__noise-0.1__seed-17.json,clear,majority-vote,17,random,0.1,True,True,False,False,3,4.640001406893134,0.9124887846410275,350
majority-vote__clear__noise-0.1__seed-18.json,clear,majority-vote,18,random,0.1,True,True,False,False,3,4.640001406893134,1.0613441038876772,350
majority-vote__clear__noise-0.1__seed-19.json,clear,majority-vote,19,random,0.1,True,True,False,False,3,4.640001406893134,1.0871040131896734,350
majority-vote__clear__noise-0.2__seed-00.json,clear,majority-vote,0,random,0.2,True,True,False,False,3,4.640001406893134,0.8832293339073658,350
majority-vote__clear__noise-0.2__seed-01.json,clear,majority-vote,1,random,0.2,True,True,False,False,3,4.640001406893134,0.9284969605505466,350
majority-vote__clear__noise-0.2__seed-02.json,clear,majority-vote,2,random,0.2,True,True,False,False,3,4.640001406893134,1.0877721440047026,350
majority-vote__clear__noise-0.2__seed-03.json,clear,majority-vote,3,random,0.2,True,True,False,False,3,4.640001406893134,1.070009846240282,350
majority-vote__clear__noise-0.2__seed-04.json,clear,majority-vote,4,random,0.2,True,True,False,False,3,4.640001406893134,0.9273529946804047,350
majority-vote__clear__noise-0.2__seed-05.json,clear,majority-vote,5,random,0.2,True,True,False,False,3,4.640001406893134,0.915795499458909,350
majority-vote__clear__noise-0.2__seed-06.json,clear,majority-vote,6,random,0.2,True,True,False,False,3,4.640001406893134,0.965641513466835,350
majority-vote__clear__noise-0.2__seed-07.json,clear,majority-vote,7,random,0.2,True,True,False,False,3,4.640001406893134,1.0310203153640032,350
majority-vote__clear__noise-0.2__seed-08.json,clear,majority-vote,8,random,0.2,True,True,False,False,3,4.640001406893134,0.9560116492211819,350
majority-vote__clear__noise-0.2__seed-09.json,clear,majority-vote,9,random,0.2,True,True,False,False,3,4.640001406893134,0.9583588484674692,350
majority-vote__clear__noise-0.2__seed-10.json,clear,majority-vote,10,random,0.2,True,True,False,False,3,4.640001406893134,0.9088470954447985,350
majority-vote__clear__noise-0.2__seed-11.json,clear,majority-vote,11,random,0.2,True,True,False,False,3,4.640001406893134,0.9630268067121506,350
majority-vote__clear__noise-0.2__seed-12.json,clear,majority-vote,12,random,0.2,True,True,False,False,3,4.640001406893134,0.939510291442275,350
majority-vote__clear__noise-0.2__seed-13.json,clear,majority-vote,13,random,0.2,True,True,False,False,3,4.640001406893134,0.9409628324210644,350
majority-vote__clear__noise-0.2__seed-14.json,clear,majority-vote,14,random,0.2,True,True,False,False,3,4.640001406893134,0.9185148105025291,350
majority-vote__clear__noise-0.2__seed-15.json,clear,majority-vote,15,random,0.2,True,True,False,False,3,4.640001406893134,1.0651231408119202,350
majority-vote__clear__noise-0.2__seed-16.json,clear,majority-vote,16,random,0.2,True,True,False,False,3,4.640001406893134,0.948374554514885,350
majority-vote__clear__noise-0.2__seed-17.json,clear,majority-vote,17,random,0.2,True,True,False,False,3,4.640001406893134,0.9489366691559553,350
majority-vote__clear__noise-0.2__seed-18.json,clear,majority-vote,18,random,0.2,True,True,False,False,3,4.640001406893134,0.9299719221889973,350
majority-vote__clear__noise-0.2__seed-19.json,clear,majority-vote,19,random,0.2,True,True,False,False,3,4.640001406893134,1.027031097561121,350
majority-vote__clear__noise-0.3__seed-00.json,clear,majority-vote,0,random,0.3,True,True,False,False,3,4.640001406893134,0.9789912365376949,350
majority-vote__clear__noise-0.3__seed-01.json,clear,majority-vote,1,random,0.3,True,True,False,False,3,4.640001406893134,0.9578216690570116,350
majority-vote__clear__noise-0.3__seed-02.json,clear,majority-vote,2,random,0.3,True,True,False,False,3,4.640001406893134,0.8967135939747095,350
majority-vote__clear__noise-0.3__seed-03.json,clear,majority-vote,3,random,0.3,True,True,False,False,3,4.640001406893134,1.040416968986392,350
majority-vote__clear__noise-0.3__seed-04.json,clear,majority-vote,4,random,0.3,True,True,False,True,3,5.135999085381627,0.9962209425866604,381
majority-vote__clear__noise-0.3__seed-05.json,clear,majority-vote,5,random,0.3,True,True,False,False,3,4.640001406893134,0.9619279596954584,350
majority-vote__clear__noise-0.3__seed-06.json,clear,majority-vote,6,random,0.3,True,True,False,False,3,4.640001406893134,0.8822239954024553,350
majority-vote__clear__noise-0.3__seed-07.json,clear,majority-vote,7,random,0.3,True,True,False,False,3,4.640001406893134,1.0924340300261974,350
majority-vote__clear__noise-0.3__seed-08.json,clear,majority-vote,8,random,0.3,True,True,False,True,3,5.135999085381627,0.9529807232320309,381
majority-vote__clear__noise-0.3__seed-09.json,clear,majority-vote,9,random,0.3,True,True,False,False,3,4.640001406893134,0.8944309875369072,350
majority-vote__clear__noise-0.3__seed-10.json,clear,majority-vote,10,random,0.3,True,True,False,False,3,4.640001406893134,1.0248799826949835,350
majority-vote__clear__noise-0.3__seed-11.json,clear,majority-vote,11,random,0.3,True,True,False,False,3,4.640001406893134,0.9982693921774626,350
majority-vote__clear__noise-0.3__seed-12.json,clear,majority-vote,12,random,0.3,True,True,False,False,3,4.640001406893134,0.9283986315131187,350
majority-vote__clear__noise-0.3__seed-13.json,clear,majority-vote,13,random,0.3,True,True,False,False,3,4.640001406893134,0.9494419973343611,350
majority-vote__clear__noise-0.3__seed-14.json,clear,majority-vote,14,random,0.3,True,True,False,False,3,4.640001406893134,0.9706511329859495,350
majority-vote__clear__noise-0.3__seed-15.json,clear,majority-vote,15,random,0.3,True,True,False,False,3,4.640001406893134,0.9439495112746954,350
majority-vote__clear__noise-0.3__seed-16.json,clear,majority-vote,16,random,0.3,True,True,False,False,3,4.640001406893134,0.9799254424870014,350
majority-vote__clear__noise-0.3__seed-17.json,clear,majority-vote,17,random,0.3,True,True,False,False,3,4.640001406893134,0.9621596056967974,350
majority-vote__clear__noise-0.3__seed-18.json,clear,majority-vote,18,random,0.3,True,True,False,False,3,4.640001406893134,0.9197854157537222,350
majority-vote__clear__noise-0.3__seed-19.json,clear,majority-vote,19,random,0.3,True,True,False,False,3,4.640001406893134,0.9610017277300358,350
purify__blocked__noise-0.0__seed-00.json,blocked,purify,0,random,0.0,True,True,False,False,2,5.135999085381627,0.9512018896639347,361
purify__blocked__noise-0.0__seed-01.json,blocked,purify,1,random,0.0,True,True,False,False,2,5.135999085381627,0.9812979567795992,361
purify__blocked__noise-0.0__seed-02.json,blocked,purify,2,random,0.0,True,True,False,False,2,5.135999085381627,0.9562362059950829,361
purify__blocked__noise-0.0__seed-03.json,blocked,purify,3,random,0.0,True,True,False,False,2,5.135999085381627,0.9557517096400261,361
purify__blocked__noise-0.0__seed-04.json,blocked,purify,4,random,0.0,True,True,False,False,2,5.135999085381627,0.9475737418979406,361
purify__blocked__noise-0.0__seed-05.json,blocked,purify,5,random,0.0,True,True,False,False,2,5.135999085381627,0.9942710660398006,361
purify__blocked__noise-0.0__seed-06.json,blocked,purify,6,random,0.0,True,True,False,False,2,5.135999085381627,0.9830263964831829,361
purify__blocked__noise-0.0__seed-07.json,blocked,purify,7,random,0.0,True,True,False,False,2,5.135999085381627,0.9750070590525866,361
purify__blocked__noise-0.0__seed-08.json,blocked,purify,8,random,0.0,True,True,False,False,2,5.135999085381627,0.9453291948884726,361
purify__blocked__noise-0.0__seed-09.json,blocked,purify,9,random,0.0,True,True,False,False,2,5.135999085381627,0.9736545719206333,361
purify__blocked__noise-0.0__seed-10.json,blocked,purify,10,random,0.0,True,True,False,False,2,5.135999085381627,0.9855500143021345,361
purify__blocked__noise-0.0__seed-11.json,blocked,purify,11,random,0.0,True,True,False,False,2,5.135999085381627,0.990175649523735,361
purify__blocked__noise-0.0__seed-12.json,blocked,purify,12,random,0.0,True,True,False,False,2,5.135999085381627,0.9324162639677525,361
purify__blocked__noise-0.0__seed-13.json,blocked,purify,13,random,0.0,True,True,False,False,2,5.135999085381627,0.994613328948617,361
purify__blocked__noise-0.0__seed-14.json,blocked,purify,14,random,0.0,True,True,False,False,2,5.135999085381627,0.977257888764143,361
purify__blocked__noise-0.0__seed-15.json,blocked,purify,15,random,0.0,True,True,False,False,2,5.135999085381627,1.0561791006475687,361
purify__blocked__noise-0.0__seed-16.json,blocked,purify,16,random,0.0,True,True,False,False,2,5.135999085381627,0.9441879671066999,361
purify__blocked__noise-0.0__seed-17.json,blocked,purify,17,random,0.0,True,True,False,False,2,5.135999085381627,0.9709938708692789,361
purify__blocked__noise-0.0__seed-18.json,blocked,purify,18,random,0.0,True,True,False,False,2,5.135999085381627,0.9320388231426477,361
purify__blocked__noise-0.0__seed-19.json,blocked,purify,19,random,0.0,True,True,False,False,2,5.135999085381627,0.9284843280911446,361
purify__blocked__noise-0.1__seed-00.json,blocked,purify,0,random,0.1,True,True,False,False,2,5.135999085381627,0.9393143188208342,361
purify__blocked__noise-0.1__seed-01.json,blocked,purify,1,random,0.1,True,True,False,False,2,5.135999085381627,0.9251117706298828,361
purify__blocked__noise-0.1__seed-02.json,blocked,purify,2,random,0.1,True,True,False,False,2,5.135999085381627,0.9805197063833475,361
purify__blocked__noise-0.1__seed-03.json,blocked,purify,3,random,0.1,True,True,False,False,2,5.135999085381627,0.9712857156991959,361
purify__blocked__noise-0.1__seed-04.json,blocked,purify,4,random,0.1,True,True,False,False,2,5.135999085381627,0.979639807716012,361
purify__blocked__noise-0.1__seed-05.json,blocked,purify,5,random,0.1,True,True,False,False,2,5.135999085381627,0.9683245271444321,361
purify__blocked__noise-0.1__seed-06.json,blocked,purify,6,random,0.1,True,True,False,False,2,5.135999085381627,0.9384203888475895,361
purify__blocked__noise-0.1__seed-07.json,blocked,purify,7,random,0.1,True,True,False,False,2,5.135999085381627,1.1406506560742855,361
purify__blocked__noise-0.1__seed-08.json,blocked,purify,8,random,0.1,True,True,False,False,2,5.135999085381627,0.9830690957605839,361
purify__blocked__noise-0.1__seed-09.json,blocked,purify,9,random,0.1,True,True,False,False,2,5.135999085381627,0.9681346453726292,361
purify__blocked__noise-0.1__seed-10.json,blocked,purify,10,random,0.1,True,True,False,False,2,5.135999085381627,0.9474796522408724,361
purify__blocked__noise-0.1__seed-11.json,blocked,purify,11,random,0.1,True,True,False,False,2,5.135999085381627,0.9603340346366167,361
purify__blocked__noise-0.1__seed-12.json,blocked,purify,12,random,0.1,True,True,False,False,2,5.135999085381627,0.9730394221842289,361
purify__blocked__noise-0.1__seed-13.json,blocked,purify,13,random,0.1,True,True,False,False,2,5.135999085381627,0.9716094937175512,361
purify__blocked__noise-0.1__seed-14.json,blocked,purify,14,random,0.1,True,True,False,False,2,5.135999085381627,0.9533400982618332,361
purify__blocked__noise-0.1__seed-15.json,blocked,purify,15,random,0.1,True,True,False,False,3,8.960002126172185,1.5427477601915598,620
purify__blocked__noise-0.1__seed-16.json,blocked,purify,16,random,0.1,True,True,False,False,2,5.135999085381627,1.4112706910818815,361
purify__blocked__noise-0.1__seed-17.json,blocked,purify,17,random,0.1,True,True,False,False,2,5.135999085381627,1.0259975027292967,361
purify__blocked__noise-0.1__seed-18.json,blocked,purify,18,random,0.1,True,True,False,False,2,5.135999085381627,1.4087158534675837,361
purify__blocked__noise-0.1__seed-19.json,blocked,purify,19,random,0.1,True,True,False,False,2,5.135999085381627,0.9235360398888588,361
purify__blocked__noise-0.2__seed-00.json,blocked,purify,0,random,0.2,True,True,False,False,2,5.135999085381627,0.9709054362028837,361
purify__blocked__noise-0.2__seed-01.json,blocked,purify,1,random,0.2,True,True,False,False,3,8.960002126172185,1.3658342771232128,620
purify__blocked__noise-0.2__seed-02.json,blocked,purify,2,random,0.2,True,True,False,False,2,5.135999085381627,0.9512465875595808,361
purify__blocked__noise-0.2__seed-03.json,blocked,purify,3,random,0.2,True,True,False,False,2,5.135999085381627,0.9792722072452307,361
purify__blocked__noise-0.2__seed-04.json,blocked,purify,4,random,0.2,True,True,False,False,3,8.960002126172185,1.515001304447651,620
purify__blocked__noise-0.2__seed-05.json,blocked,purify,5,random,0.2,True,True,False,False,2,5.135999085381627,1.196900974959135,361
purify__blocked__noise-0.2__seed-06.json,blocked,purify,6,random,0.2,True,True,False,False,2,5.135999085381627,1.0292091835290194,361
purify__blocked__noise-0.2__seed-07.json,blocked,purify,7,random,0.2,True,True,False,False,3,8.960002126172185,1.2686200607568026,620
purify__blocked__noise-0.2__seed-08.json,blocked,purify,8,random,0.2,True,True,False,False,2,5.135999085381627,1.3824582137167454,361
purify__blocked__noise-0.2__seed-09.json,blocked,purify,9,random,0.2,True,True,False,False,2,5.135999085381627,1.0139367394149303,361
purify__blocked__noise-0.2__seed-10.json,blocked,purify,10,random,0.2,True,True,False,False,2,5.135999085381627,1.384985912591219,361
purify__blocked__noise-0.2__seed-11.json,blocked,purify,11,random,0.2,True,True,False,False,2,5.135999085381627,0.941756296902895,361
purify__blocked__noise-0.2__seed-12.json,blocked,purify,12,random,0.2,True,True,False,False,2,5.135999085381627,1.0543165113776922,361
purify__blocked__noise-0.2__seed-13.json,blocked,purify,13,random,0.2,True,True,False,False,2,5.135999085381627,1.032112779095769,361
purify__blocked__noise-0.2__seed-14.json,blocked,purify,14,random,0.2,True,True,False,False,3,8.960002126172185,1.44077361933887,620
purify__blocked__noise-0.2__seed-15.json,blocked,purify,15,random,0.2,True,True,False,False,3,8.960002126172185,1.3608305491507053,620
purify__blocked__noise-0.2__seed-16.json,blocked,purify,16,random,0.2,True,True,False,False,2,5.135999085381627,0.9379023108631372,361
purify__blocked__noise-0.2__seed-17.json,blocked,purify,17,random,0.2,True,True,False,False,2,5.135999085381627,0.9241266492754221,361
purify__blocked__noise-0.2__seed-18.json,blocked,purify,18,random,0.2,True,True,False,False,3,8.960002126172185,1.3971361424773932,620
purify__blocked__noise-0.2__seed-19.json,blocked,purify,19,random,0.2,True,True,False,False,2,5.135999085381627,0.9867149032652378,361
purify__blocked__noise-0.3__seed-00.json,blocked,purify,0,random,0.3,True,True,False,False,2,5.135999085381627,0.9330074731260538,361
purify__blocked__noise-0.3__seed-01.json,blocked,purify,1,random,0.3,True,True,False,False,3,8.960002126172185,1.398942681029439,620
purify__blocked__noise-0.3__seed-02.json,blocked,purify,2,random,0.3,True,True,False,False,2,5.135999085381627,1.0483028553426266,361
purify__blocked__noise-0.3__seed-03.json,blocked,purify,3,random,0.3,True,True,False,False,3,8.960002126172185,1.3309253510087729,620
purify__blocked__noise-0.3__seed-04.json,blocked,purify,4,random,0.3,True,False,True,False,2,4.640001406893134,0.8825758825987577,330
purify__blocked__noise-0.3__seed-05.json,blocked,purify,5,random,0.3,True,True,False,False,2,5.135999085381627,1.0520032551139593,361
purify__blocked__noise-0.3__seed-06.json,blocked,purify,6,random,0.3,True,True,False,False,2,5.135999085381627,1.026347391307354,361
purify__blocked__noise-0.3__seed-07.json,blocked,purify,7,random,0.3,True,True,False,False,3,8.960002126172185,1.5607915353029966,620
purify__blocked__noise-0.3__seed-08.json,blocked,purify,8,random,0.3,True,True,False,False,3,8.960002126172185,1.289046484977007,620
purify__blocked__noise-0.3__seed-09.json,blocked,purify,9,random,0.3,True,True,False,False,2,5.135999085381627,0.9950899071991444,361
purify__blocked__noise-0.3__seed-10.json,blocked,purify,10,random,0.3,True,True,False,False,2,5.135999085381627,1.03379799798131,361
purify__blocked__noise-0.3__seed-11.json,blocked,purify,11,random,0.3,True,True,False,False,2,5.135999085381627,0.9628226589411497,361
purify__blocked__noise-0.3__seed-12.json,blocked,purify,12,random,0.3,True,True,False,False,2,5.135999085381627,0.9380345996469259,361
purify__blocked__noise-0.3__seed-13.json,blocked,purify,13,random,0.3,True,True,False,False,3,8.960002126172185,1.3467038292437792,620
purify__blocked__noise-0.3__seed-14.json,blocked,purify,14,random,0.3,True,True,False,False,3,8.960002126172185,1.351715425029397,620
purify__blocked__noise-0.3__seed-15.json,blocked,purify,15,random,0.3,True,True,False,False,3,8.960002126172185,1.3272779434919357,620
purify__blocked__noise-0.3__seed-16.json,blocked,purify,16,random,0.3,True,True,False,False,2,5.135999085381627,0.934764701873064,361
purify__blocked__noise-0.3__seed-17.json,blocked,purify,17,random,0.3,True,True,False,False,2,5.135999085381627,0.9517356473952532,361
purify__blocked__noise-0.3__seed-18.json,blocked,purify,18,random,0.3,True,True,False,False,3,8.960002126172185,1.1964701544493437,620
purify__blocked__noise-0.3__seed-19.json,blocked,purify,19,random,0.3,True,True,False,False,2,5.135999085381627,0.9043168164789677,361
purify__clear__noise-0.0__seed-00.json,clear,purify,0,random,0.0,True,True,False,False,2,4.640001406893134,1.000284744426608,330
purify__clear__noise-0.0__seed-01.json,clear,purify,1,random,0.0,True,True,False,False,2,4.640001406893134,0.984485624358058,330
purify__clear__noise-0.0__seed-02.json,clear,purify,2,random,0.0,True,True,False,False,2,4.640001406893134,1.1656261589378119,330
purify__clear__noise-0.0__seed-03.json,clear,purify,3,random,0.0,True,True,False,False,2,4.640001406893134,1.0984868966042995,330
purify__clear__noise-0.0__seed-04.json,clear,purify,4,random,0.0,True,True,False,False,2,4.640001406893134,1.4954044464975595,330
purify__clear__noise-0.0__seed-05.json,clear,purify,5,random,0.0,True,True,False,False,2,4.640001406893134,1.4305711966007948,330
purify__clear__noise-0.0__seed-06.json,clear,purify,6,random,0.0,True,True,False,False,2,4.640001406893134,1.5170037019997835,330
purify__clear__noise-0.0__seed-07.json,clear,purify,7,random,0.0,True,True,False,False,2,4.640001406893134,1.429761879146099,330
purify__clear__noise-0.0__seed-08.json,clear,purify,8,random,0.0,True,True,False,False,2,4.640001406893134,1.291570920497179,330
purify__clear__noise-0.0__seed-09.json,clear,purify,9,random,0.0,True,True,False,False,2,4.640001406893134,1.3627000786364079,330
purify__clear__noise-0.0__seed-10.json,clear,purify,10,random,0.0,True,True,False,False,2,4.640001406893134,1.3320832513272762,330
purify__clear__noise-0.0__seed-11.json,clear,purify,11,random,0.0,True,True,False,False,2,4.640001406893134,1.289549384266138,330
purify__clear__noise-0.0__seed-12.json,clear,purify,12,random,0.0,True,True,False,False,2,4.640001406893134,1.2398083619773388,330
purify__clear__noise-0.0__seed-13.json,clear,purify,13,random,0.0,True,True,False,False,2,4.640001406893134,1.2509557716548443,330
purify__clear__noise-0.0__seed-14.json,clear,purify,14,random,0.0,True,True,False,False,2,4.640001406893134,1.0546749010682106,330
purify__clear__noise-0.0__seed-15.json,clear,purify,15,random,0.0,True,True,False,False,2,4.640001406893134,1.0412965510040522,330
purify__clear__noise-0.0__seed-16.json,clear,purify,16,random,0.0,True,True,False,False,2,4.640001406893134,1.3075945787131786,330
purify__clear__noise-0.0__seed-17.json,clear,purify,17,random,0.0,True,True,False,False,2,4.640001406893134,0.9787694066762924,330
purify__clear__noise-0.0__seed-18.json,clear,purify,18,random,0.0,True,True,False,False,2,4.640001406893134,1.3066701591014862,330
purify__clear__noise-0.0__seed-19.json,clear,purify,19,random,0.0,True,True,False,False,2,4.640001406893134,0.9359123520553112,330
purify__clear__noise-0.1__seed-00.json,clear,purify,0,random,0.1,True,True,False,False,2,4.640001406893134,1.0403905026614666,330
purify__clear__noise-0.1__seed-01.json,clear,purify,1,random,0.1,True,True,False,False,2,4.640001406893134,0.98641905374825,330
purify__clear__noise-0.1__seed-02.json,clear,purify,2,random,0.1,True,True,False,False,2,4.640001406893134,0.980129798874259,330
purify__clear__noise-0.1__seed-03.json,clear,purify,3,random,0.1,True,True,False,False,2,4.640001406893134,0.9667481370270252,330
purify__clear__noise-0.1__seed-04.json,clear,purify,4,random,0.1,True,True,False,False,2,4.640001406893134,1.0218541640788317,330
purify__clear__noise-0.1__seed-05.json,clear,purify,5,random,0.1,True,True,False,False,2,4.640001406893134,0.9534966610372066,330
purify__clear__noise-0.1__seed-06.json,clear,purify,6,random,0.1,True,True,False,False,2,4.640001406893134,1.0659928731620312,330
purify__clear__noise-0.1__seed-07.json,clear,purify,7,random,0.1,True,True,False,False,2,4.640001406893134,0.9226795230060816,330
purify__clear__noise-0.1__seed-08.json,clear,purify,8,random,0.1,True,True,False,False,2,4.640001406893134,1.2012844905257225,330
purify__clear__noise-0.1__seed-09.json,clear,purify,9,random,0.1,True,True,False,False,2,4.640001406893134,0.9304541759192944,330
purify__clear__noise-0.1__seed-10.json,clear,purify,10,random,0.1,True,True,False,False,2,4.640001406893134,1.1861844398081303,330
purify__clear__noise-0.1__seed-11.json,clear,purify,11,random,0.1,True,True,False,False,2,4.640001406893134,0.9156760163605213,330
purify__clear__noise-0.1__seed-12.json,clear,purify,12,random,0.1,True,True,False,False,2,4.640001406893134,1.269331457093358,330
purify__clear__noise-0.1__seed-13.json,clear,purify,13,random,0.1,True,True,False,False,2,4.640001406893134,1.1441923920065165,330
purify__clear__noise-0.1__seed-14.json,clear,purify,14,random,0.1,True,True,False,False,2,4.640001406893134,1.2885509636253119,330
purify__clear__noise-0.1__seed-15.json,clear,purify,15,random,0.1,True,True,False,True,3,8.960002126172185,1.54778453707695,620
purify__clear__noise-0.1__seed-16.json,clear,purify,16,random,0.1,True,True,False,False,2,4.640001406893134,0.9692214969545603,330
purify__clear__noise-0.1__seed-17.json,clear,purify,17,random,0.1,True,True,False,False,2,4.640001406893134,1.1009977646172047,330
purify__clear__noise-0.1__seed-18.json,clear,purify,18,random,0.1,True,True,False,False,2,4.640001406893134,1.1232470273971558,330
purify__clear__noise-0.1__seed-19.json,clear,purify,19,random,0.1,True,True,False,False,2,4.640001406893134,0.9225594792515039,330
purify__clear__noise-0.2__seed-00.json,clear,purify,0,random,0.2,True,True,False,False,2,4.640001406893134,0.9781831074506044,330
purify__clear__noise-0.2__seed-01.json,clear,purify,1,random,0.2,True,True,False,False,3,6.944003468379378,1.4958391357213259,494
purify__clear__noise-0.2__seed-02.json,clear,purify,2,random,0.2,True,True,False,False,2,4.640001406893134,0.9323721434921026,330
purify__clear__noise-0.2__seed-03.json,clear,purify,3,random,0.2,True,True,False,False,2,4.640001406893134,1.2146580591797829,330
purify__clear__noise-0.2__seed-04.json,clear,purify,4,random,0.2,True,True,False,True,3,8.960002126172185,1.6141019873321056,620
purify__clear__noise-0.2__seed-05.json,clear,purify,5,random,0.2,True,True,False,False,2,4.640001406893134,1.2427646704018116,330
purify__clear__noise-0.2__seed-06.json,clear,purify,6,random,0.2,True,True,False,False,2,4.640001406893134,1.2302447874099016,330
purify__clear__noise-0.2__seed-07.json,clear,purify,7,random,0.2,True,True,False,True,3,8.960002126172185,1.6145573575049639,620
purify__clear__noise-0.2__seed-08.json,clear,purify,8,random,0.2,True,True,False,False,2,4.640001406893134,0.9947584271430969,330
purify__clear__noise-0.2__seed-09.json,clear,purify,9,random,0.2,True,True,False,False,2,4.640001406893134,0.9471681248396635,330
purify__clear__noise-0.2__seed-10.json,clear,purify,10,random,0.2,True,True,False,False,2,4.640001406893134,0.967092614620924,330
purify__clear__noise-0.2__seed-11.json,clear,purify,11,random,0.2,True,True,False,False,2,4.640001406893134,0.9192530233412981,330
purify__clear__noise-0.2__seed-12.json,clear,purify,12,random,0.2,True,True,False,False,2,4.640001406893134,0.9278518091887236,330
purify__clear__noise-0.2__seed-13.json,clear,purify,13,random,0.2,True,True,False,False,2,4.640001406893134,0.8995597679167986,330
purify__clear__noise-0.2__seed-14.json,clear,purify,14,random,0.2,True,True,False,False,3,6.944003468379378,1.1643180884420872,494
purify__clear__noise-0.2__seed-15.json,clear,purify,15,random,0.2,True,True,False,True,3,8.960002126172185,1.3720405530184507,620
purify__clear__noise-0.2__seed-16.json,clear,purify,16,random,0.2,True,True,False,False,2,4.640001406893134,0.8653121739625931,330
purify__clear__noise-0.2__seed-17.json,clear,purify,17,random,0.2,True,True,False,False,2,4.640001406893134,0.9441551454365253,330
purify__clear__noise-0.2__seed-18.json,clear,purify,18,random,0.2,True,True,False,False,3,6.944003468379378,1.1889104284346104,494
purify__clear__noise-0.2__seed-19.json,clear,purify,19,random,0.2,True,True,False,False,2,4.640001406893134,0.8921426869928837,330
purify__clear__noise-0.3__seed-00.json,clear,purify,0,random,0.3,True,True,False,False,2,4.640001406893134,0.904950363561511,330
purify__clear__noise-0.3__seed-01.json,clear,purify,1,random,0.3,True,True,False,False,3,6.944003468379378,1.3659234028309584,494
purify__clear__noise-0.3__seed-02.json,clear,purify,2,random,0.3,True,True,False,False,2,4.640001406893134,0.961598452180624,330
purify__clear__noise-0.3__seed-03.json,clear,purify,3,random,0.3,True,True,False,False,3,6.944003468379378,1.28801953420043,494
purify__clear__noise-0.3__seed-04.json,clear,purify,4,random,0.3,True,True,False,True,2,5.135999085381627,0.9436630569398403,361
purify__clear__noise-0.3__seed-05.json,clear,purify,5,random,0.3,True,True,False,False,2,4.640001406893134,0.904493723064661,330
purify__clear__noise-0.3__seed-06.json,clear,purify,6,random,0.3,True,True,False,False,2,4.640001406893134,0.9048695750534534,330
purify__clear__noise-0.3__seed-07.json,clear,purify,7,random,0.3,True,True,False,True,3,8.960002126172185,1.415058758109808,620
purify__clear__noise-0.3__seed-08.json,clear,purify,8,random,0.3,True,True,False,True,3,8.960002126172185,1.301159106194973,620
purify__clear__noise-0.3__seed-09.json,clear,purify,9,random,0.3,True,True,False,False,2,4.640001406893134,0.9126835074275732,330
purify__clear__noise-0.3__seed-10.json,clear,purify,10,random,0.3,True,True,False,False,2,4.640001406893134,0.9441021755337715,330
purify__clear__noise-0.3__seed-11.json,clear,purify,11,random,0.3,True,True,False,False,2,4.640001406893134,0.8868162389844656,330
purify__clear__noise-0.3__seed-12.json,clear,purify,12,random,0.3,True,True,False,False,2,4.640001406893134,0.8629699274897575,330
purify__clear__noise-0.3__seed-13.json,clear,purify,13,random,0.3,True,True,False,False,3,6.944003468379378,1.1873810701072216,494
purify__clear__noise-0.3__seed-14.json,clear,purify,14,random,0.3,True,True,False,False,3,6.944003468379378,1.1837055627256632,494
purify__clear__noise-0.3__seed-15.json,clear,purify,15,random,0.3,True,True,False,True,3,8.960002126172185,1.3674035649746656,620
purify__clear__noise-0.3__seed-16.json,clear,purify,16,random,0.3,True,True,False,False,2,4.640001406893134,0.8940561711788177,330
purify__clear__noise-0.3__seed-17.json,clear,purify,17,random,0.3,True,True,False,False,2,4.640001406893134,0.9307181965559721,330
purify__clear__noise-0.3__seed-18.json,clear,purify,18,random,0.3,True,True,False,False,3,6.944003468379378,1.1681769546121359,494
purify__clear__noise-0.3__seed-19.json,clear,purify,19,random,0.3,True,True,False,False,2,4.640001406893134,0.8787787742912769,330
single-shot__blocked__noise-0.0__seed-00.json,blocked,single-shot,0,random,0.0,True,True,False,False,1,5.135999085381627,0.9058464206755161,341
single-shot__blocked__noise-0.0__seed-01.json,blocked,single-shot,1,random,0.0,True,True,False,False,1,5.135999085381627,0.9564236588776112,341
single-shot__blocked__noise-0.0__seed-02.json,blocked,single-shot,2,random,0.0,True,True,False,False,1,5.135999085381627,0.9471123106777668,341
single-shot__blocked__noise-0.0__seed-03.json,blocked,single-shot,3,random,0.0,True,True,False,False,1,5.135999085381627,0.9137598033994436,341
single-shot__blocked__noise-0.0__seed-04.json,blocked,single-shot,4,random,0.0,True,True,False,False,1,5.135999085381627,0.8966402560472488,341
single-shot__blocked__noise-0.0__seed-05.json,blocked,single-shot,5,random,0.0,True,True,False,False,1,5.135999085381627,0.8942847084254026,341
single-shot__blocked__noise-0.0__seed-06.json,blocked,single-shot,6,random,0.0,True,True,False,False,1,5.135999085381627,0.944766441360116,341
single-shot__blocked__noise-0.0__seed-07.json,blocked,single-shot,7,random,0.0,True,True,False,False,1,5.135999085381627,0.9266690537333488,341
single-shot__blocked__noise-0.0__seed-08.json,blocked,single-shot,8,random,0.0,True,True,False,False,1,5.135999085381627,0.9148230906575918,341
single-shot__blocked__noise-0.0__seed-09.json,blocked,single-shot,9,random,0.0,True,True,False,False,1,5.135999085381627,0.937111945822835,341
single-shot__blocked__noise-0.0__seed-10.json,blocked,single-shot,10,random,0.0,True,True,False,False,1,5.135999085381627,0.923655916005373,341
single-shot__blocked__noise-0.0__seed-11.json,blocked,single-shot,11,random,0.0,True,True,False,False,1,5.135999085381627,0.8809718266129494,341
single-shot__blocked__noise-0.0__seed-12.json,blocked,single-shot,12,random,0.0,True,True,False,False,1,5.135999085381627,0.8964294157922268,341
single-shot__blocked__noise-0.0__seed-13.json,blocked,single-shot,13,random,0.0,True,True,False,False,1,5.135999085381627,0.9123835358768702,341
single-shot__blocked__noise-0.0__seed-14.json,blocked,single-shot,14,random,0.0,True,True,False,False,1,5.135999085381627,0.9625734072178602,341
single-shot__blocked__noise-0.0__seed-15.json,blocked,single-shot,15,random,0.0,True,True,False,False,1,5.135999085381627,0.8959196954965591,341
single-shot__blocked__noise-0.0__seed-16.json,blocked,single-shot,16,random,0.0,True,True,False,False,1,5.135999085381627,0.9209660161286592,341
single-shot__blocked__noise-0.0__seed-17.json,blocked,single-shot,17,random,0.0,True,True,False,False,1,5.135999085381627,0.9606609269976616,341
single-shot__blocked__noise-0.0__seed-18.json,blocked,single-shot,18,random,0.0,True,True,False,False,1,5.135999085381627,0.9646137058734894,341
single-shot__blocked__noise-0.0__seed-19.json,blocked,single-shot,19,random,0.0,True,True,False,False,1,5.135999085381627,0.9359134268015623,341
single-shot__blocked__noise-0.1__seed-00.json,blocked,single-shot,0,random,0.1,True,True,False,False,1,5.135999085381627,0.9801786653697491,341
single-shot__blocked__noise-0.1__seed-01.json,blocked,single-shot,1,random,0.1,True,True,False,False,1,5.135999085381627,0.9754676260054111,341
single-shot__blocked__noise-0.1__seed-02.json,blocked,single-shot,2,random,0.1,True,True,False,False,1,5.135999085381627,0.9207041189074516,341
single-shot__blocked__noise-0.1__seed-03.json,blocked,single-shot,3,random,0.1,True,True,False,False,1,5.135999085381627,0.9179587196558714,341
single-shot__blocked__noise-0.1__seed-04.json,blocked,single-shot,4,random,0.1,True,True,False,False,1,5.135999085381627,0.9606673792004585,341
single-shot__blocked__noise-0.1__seed-05.json,blocked,single-shot,5,random,0.1,True,True,False,False,1,5.135999085381627,0.9802543446421623,341
single-shot__blocked__noise-0.1__seed-06.json,blocked,single-shot,6,random,0.1,True,True,False,False,1,5.135999085381627,0.9358994252979755,341
single-shot__blocked__noise-0.1__seed-07.json,blocked,single-shot,7,random,0.1,True,True,False,False,1,5.135999085381627,0.8830494564026594,341
single-shot__blocked__noise-0.1__seed-08.json,blocked,single-shot,8,random,0.1,True,True,False,False,1,5.135999085381627,0.9260435625910759,341
single-shot__blocked__noise-0.1__seed-09.json,blocked,single-shot,9,random,0.1,True,True,False,False,1,5.135999085381627,0.8930015712976456,341
single-shot__blocked__noise-0.1__seed-10.json,blocked,single-shot,10,random,0.1,True,True,False,False,1,5.135999085381627,0.9485769458115101,341
single-shot__blocked__noise-0.1__seed-11.json,blocked,single-shot,11,random,0.1,True,True,False,False,1,5.135999085381627,0.9222775362432003,341
single-shot__blocked__noise-0.1__seed-12.json,blocked,single-shot,12,random,0.1,True,True,False,False,1,5.135999085381627,0.9598391801118851,341
single-shot__blocked__noise-0.1__seed-13.json,blocked,single-shot,13,random,0.1,True,True,False,False,1,5.135999085381627,0.9662679638713598,341
single-shot__blocked__noise-0.1__seed-14.json,blocked,single-shot,14,random,0.1,True,True,False,False,1,5.135999085381627,0.9914509858936071,341
single-shot__blocked__noise-0.1__seed-15.json,blocked,single-shot,15,random,0.1,True,True,False,False,1,5.135999085381627,0.9245968069881201,341
single-shot__blocked__noise-0.1__seed-16.json,blocked,single-shot,16,random,0.1,True,True,False,False,1,5.135999085381627,0.8902056701481342,341
single-shot__blocked__noise-0.1__seed-17.json,blocked,single-shot,17,random,0.1,True,True,False,False,1,5.135999085381627,1.0879762340337038,341
single-shot__blocked__noise-0.1__seed-18.json,blocked,single-shot,18,random,0.1,True,True,False,False,1,5.135999085381627,0.9906864762306213,341
single-shot__blocked__noise-0.1__seed-19.json,blocked,single-shot,19,random,0.1,True,True,False,False,1,5.135999085381627,1.0888222828507423,341
single-shot__blocked__noise-0.2__seed-00.json,blocked,single-shot,0,random,0.2,True,True,False,False,1,5.135999085381627,1.1201274693012238,341
single-shot__blocked__noise-0.2__seed-01.json,blocked,single-shot,1,random,0.2,True,False,True,False,1,4.640001406893134,0.967490941286087,310
single-shot__blocked__noise-0.2__seed-02.json,blocked,single-shot,2,random,0.2,True,True,False,False,1,5.135999085381627,1.159315750002861,341
single-shot__blocked__noise-0.2__seed-03.json,blocked,single-shot,3,random,0.2,True,True,False,False,1,5.135999085381627,1.0048786476254463,341
single-shot__blocked__noise-0.2__seed-04.json,blocked,single-shot,4,random,0.2,True,True,False,False,1,5.135999085381627,1.1790647748857737,341
single-shot__blocked__noise-0.2__seed-05.json,blocked,single-shot,5,random,0.2,True,True,False,False,1,5.135999085381627,1.1067681200802326,341
single-shot__blocked__noise-0.2__seed-06.json,blocked,single-shot,6,random,0.2,True,True,False,False,1,5.135999085381627,1.1484201904386282,341
single-shot__blocked__noise-0.2__seed-07.json,blocked,single-shot,7,random,0.2,True,True,False,False,1,5.135999085381627,1.1331849321722984,341
single-shot__blocked__noise-0.2__seed-08.json,blocked,single-shot,8,random,0.2,True,True,False,False,1,5.135999085381627,1.4802756048738956,341
single-shot__blocked__noise-0.2__seed-09.json,blocked,single-shot,9,random,0.2,True,True,False,False,1,5.135999085381627,1.5052870512008667,341
single-shot__blocked__noise-0.2__seed-10.json,blocked,single-shot,10,random,0.2,True,True,False,False,1,5.135999085381627,1.2990896552801132,341
single-shot__blocked__noise-0.2__seed-11.json,blocked,single-shot,11,random,0.2,True,True,False,False,1,5.135999085381627,1.2670543305575848,341
single-shot__blocked__noise-0.2__seed-12.json,blocked,single-shot,12,random,0.2,True,True,False,False,1,5.135999085381627,1.4795606937259436,341
single-shot__blocked__noise-0.2__seed-13.json,blocked,single-shot,13,random,0.2,True,True,False,False,1,5.135999085381627,1.3586229514330626,341
single-shot__blocked__noise-0.2__seed-14.json,blocked,single-shot,14,random,0.2,True,False,True,False,1,4.640001406893134,1.2975689768791199,310
single-shot__blocked__noise-0.2__seed-15.json,blocked,single-shot,15,random,0.2,True,True,False,False,1,5.135999085381627,1.4771524369716644,341
single-shot__blocked__noise-0.2__seed-16.json,blocked,single-shot,16,random,0.2,True,True,False,False,1,5.135999085381627,1.3815521150827408,341
single-shot__blocked__noise-0.2__seed-17.json,blocked,single-shot,17,random,0.2,True,True,False,False,1,5.135999085381627,1.0540733002126217,341
single-shot__blocked__noise-0.2__seed-18.json,blocked,single-shot,18,random,0.2,True,False,True,False,1,4.640001406893134,1.343780605122447,310
single-shot__blocked__noise-0.2__seed-19.json,blocked,single-shot,19,random,0.2,True,True,False,False,1,5.135999085381627,1.0461333859711885,341
single-shot__blocked__noise-0.3__seed-00.json,blocked,single-shot,0,random,0.3,True,True,False,False,1,5.135999085381627,1.4324011970311403,341
single-shot__blocked__noise-0.3__seed-01.json,blocked,single-shot,1,random,0.3,True,False,True,False,1,4.640001406893134,1.2764308545738459,310
single-shot__blocked__noise-0.3__seed-02.json,blocked,single-shot,2,random,0.3,True,True,False,False,1,5.135999085381627,1.346745640039444,341
single-shot__blocked__noise-0.3__seed-03.json,blocked,single-shot,3,random,0.3,True,False,True,False,1,4.640001406893134,1.3677623476833105,310
single-shot__blocked__noise-0.3__seed-04.json,blocked,single-shot,4,random,0.3,True,False,True,False,1,4.640001406893134,1.3867237623780966,310
single-shot__blocked__noise-0.3__seed-05.json,blocked,single-shot,5,random,0.3,True,True,False,False,1,5.135999085381627,1.055818447843194,341
single-shot__blocked__noise-0.3__seed-06.json,blocked,single-shot,6,random,0.3,True,True,False,False,1,5.135999085381627,1.0566157177090645,341
single-shot__blocked__noise-0.3__seed-07.json,blocked,single-shot,7,random,0.3,True,True,False,False,1,5.135999085381627,1.4466966781765223,341
single-shot__blocked__noise-0.3__seed-08.json,blocked,single-shot,8,random,0.3,True,False,True,False,1,4.640001406893134,0.881024306640029,310
single-shot__blocked__noise-0.3__seed-09.json,blocked,single-shot,9,random,0.3,True,True,False,False,1,5.135999085381627,1.1776108648627996,341
single-shot__blocked__noise-0.3__seed-10.json,blocked,single-shot,10,random,0.3,True,True,False,False,1,5.135999085381627,1.0132610686123371,341
single-shot__blocked__noise-0.3__seed-11.json,blocked,single-shot,11,random,0.3,True,True,False,False,1,5.135999085381627,1.164234608411789,341
single-shot__blocked__noise-0.3__seed-12.json,blocked,single-shot,12,random,0.3,True,True,False,False,1,5.135999085381627,0.8868110217154026,341
single-shot__blocked__noise-0.3__seed-13.json,blocked,single-shot,13,random,0.3,True,False,True,False,1,4.640001406893134,0.9447466880083084,310
single-shot__blocked__noise-0.3__seed-14.json,blocked,single-shot,14,random,0.3,True,False,True,False,1,4.640001406893134,1.211680643260479,310
single-shot__blocked__noise-0.3__seed-15.json,blocked,single-shot,15,random,0.3,True,True,False,False,1,5.135999085381627,1.263794032856822,341
single-shot__blocked__noise-0.3__seed-16.json,blocked,single-shot,16,random,0.3,True,True,False,False,1,5.135999085381627,0.9303968697786331,341
single-shot__blocked__noise-0.3__seed-17.json,blocked,single-shot,17,random,0.3,True,True,False,False,1,5.135999085381627,1.0043106153607368,341
single-shot__blocked__noise-0.3__seed-18.json,blocked,single-shot,18,random,0.3,True,False,True,False,1,4.640001406893134,1.0353616438806057,310
single-shot__blocked__noise-0.3__seed-19.json,blocked,single-shot,19,random,0.3,True,True,False,False,1,5.135999085381627,1.0390839707106352,341
single-shot__clear__noise-0.0__seed-00.json,clear,single-shot,0,random,0.0,True,True,False,False,1,4.640001406893134,0.8450852688401937,310
single-shot__clear__noise-0.0__seed-01.json,clear,single-shot,1,random,0.0,True,True,False,False,1,4.640001406893134,0.8492243904620409,310
single-shot__clear__noise-0.0__seed-02.json,clear,single-shot,2,random,0.0,True,True,False,False,1,4.640001406893134,0.8602091018110514,310
single-shot__clear__noise-0.0__seed-03.json,clear,single-shot,3,random,0.0,True,True,False,False,1,4.640001406893134,0.8519107978790998,310
single-shot__clear__noise-0.0__seed-04.json,clear,single-shot,4,random,0.0,True,True,False,False,1,4.640001406893134,0.8600701801478863,310
single-shot__clear__noise-0.0__seed-05.json,clear,single-shot,5,random,0.0,True,True,False,False,1,4.640001406893134,0.8576065320521593,310
single-shot__clear__noise-0.0__seed-06.json,clear,single-shot,6,random,0.0,True,True,False,False,1,4.640001406893134,0.8483986798673868,310
single-shot__clear__noise-0.0__seed-07.json,clear,single-shot,7,random,0.0,True,True,False,False,1,4.640001406893134,0.8514162991195917,310
single-shot__clear__noise-0.0__seed-08.json,clear,single-shot,8,random,0.0,True,True,False,False,1,4.640001406893134,0.8605624325573444,310
single-shot__clear__noise-0.0__seed-09.json,clear,single-shot,9,random,0.0,True,True,False,False,1,4.640001406893134,0.8600417897105217,310
single-shot__clear__noise-0.0__seed-10.json,clear,single-shot,10,random,0.0,True,True,False,False,1,4.640001406893134,0.8516882061958313,310
single-shot__clear__noise-0.0__seed-11.json,clear,single-shot,11,random,0.0,True,True,False,False,1,4.640001406893134,0.8569220341742039,310
single-shot__clear__noise-0.0__seed-12.json,clear,single-shot,12,random,0.0,True,True,False,False,1,4.640001406893134,0.8601836413145065,310
single-shot__clear__noise-0.0__seed-13.json,clear,single-shot,13,random,0.0,True,True,False,False,1,4.640001406893134,0.8589033000171185,310
single-shot__clear__noise-0.0__seed-14.json,clear,single-shot,14,random,0.0,True,True,False,False,1,4.640001406893134,0.8473787903785706,310
single-shot__clear__noise-0.0__seed-15.json,clear,single-shot,15,random,0.0,True,True,False,False,1,4.640001406893134,0.8646002970635891,310
single-shot__clear__noise-0.0__seed-16.json,clear,single-shot,16,random,0.0,True,True,False,False,1,4.640001406893134,0.8600220996886492,310
single-shot__clear__noise-0.0__seed-17.json,clear,single-shot,17,random,0.0,True,True,False,False,1,4.640001406893134,0.8562793638557196,310
single-shot__clear__noise-0.0__seed-18.json,clear,single-shot,18,random,0.0,True,True,False,False,1,4.640001406893134,0.8513722978532314,310
single-shot__clear__noise-0.0__seed-19.json,clear,single-shot,19,random,0.0,True,True,False,False,1,4.640001406893134,0.8583870902657509,310
single-shot__clear__noise-0.1__seed-00.json,clear,single-shot,0,random,0.1,True,True,False,False,1,4.640001406893134,0.8650180082768202,310
single-shot__clear__noise-0.1__seed-01.json,clear,single-shot,1,random,0.1,True,True,False,False,1,4.640001406893134,0.8601144906133413,310
single-shot__clear__noise-0.1__seed-02.json,clear,single-shot,2,random,0.1,True,True,False,False,1,4.640001406893134,0.8614087011665106,310
single-shot__clear__noise-0.1__seed-03.json,clear,single-shot,3,random,0.1,True,True,False,False,1,4.640001406893134,0.8591154925525188,310
single-shot__clear__noise-0.1__seed-04.json,clear,single-shot,4,random,0.1,True,True,False,False,1,4.640001406893134,0.8583065737038851,310
single-shot__clear__noise-0.1__seed-05.json,clear,single-shot,5,random,0.1,True,True,False,False,1,4.640001406893134,0.8603702206164598,310
single-shot__clear__noise-0.1__seed-06.json,clear,single-shot,6,random,0.1,True,True,False,False,1,4.640001406893134,0.8478682599961758,310
single-shot__clear__noise-0.1__seed-07.json,clear,single-shot,7,random,0.1,True,True,False,False,1,4.640001406893134,0.8496896177530289,310
single-shot__clear__noise-0.1__seed-08.json,clear,single-shot,8,random,0.1,True,True,False,False,1,4.640001406893134,0.9231456965208054,310
single-shot__clear__noise-0.1__seed-09.json,clear,single-shot,9,random,0.1,True,True,False,False,1,4.640001406893134,0.9046552497893572,310
single-shot__clear__noise-0.1__seed-10.json,clear,single-shot,10,random,0.1,True,True,False,False,1,4.640001406893134,0.8895966410636902,310
single-shot__clear__noise-0.1__seed-11.json,clear,single-shot,11,random,0.1,True,True,False,False,1,4.640001406893134,0.8822415489703417,310
single-shot__clear__noise-0.1__seed-12.json,clear,single-shot,12,random,0.1,True,True,False,False,1,4.640001406893134,0.917908938601613,310
single-shot__clear__noise-0.1__seed-13.json,clear,single-shot,13,random,0.1,True,True,False,False,1,4.640001406893134,0.9108498841524124,310
single-shot__clear__noise-0.1__seed-14.json,clear,single-shot,14,random,0.1,True,True,False,False,1,4.640001406893134,0.9064456075429916,310
single-shot__clear__noise-0.1__seed-15.json,clear,single-shot,15,random,0.1,True,True,False,False,1,4.640001406893134,0.9115353748202324,310
single-shot__clear__noise-0.1__seed-16.json,clear,single-shot,16,random,0.1,True,True,False,False,1,4.640001406893134,1.0023077074438334,310
single-shot__clear__noise-0.1__seed-17.json,clear,single-shot,17,random,0.1,True,True,False,False,1,4.640001406893134,1.2724140379577875,310
single-shot__clear__noise-0.1__seed-18.json,clear,single-shot,18,random,0.1,True,True,False,False,1,4.640001406893134,1.263648722320795,310
single-shot__clear__noise-0.1__seed-19.json,clear,single-shot,19,random,0.1,True,True,False,False,1,4.640001406893134,1.004365025088191,310
single-shot__clear__noise-0.2__seed-00.json,clear,single-shot,0,random,0.2,True,True,False,False,1,4.640001406893134,0.9589634705334902,310
single-shot__clear__noise-0.2__seed-01.json,clear,single-shot,1,random,0.2,True,True,False,True,1,5.135999085381627,0.9637503866106272,341
single-shot__clear__noise-0.2__seed-02.json,clear,single-shot,2,random,0.2,True,True,False,False,1,4.640001406893134,0.8815978858619928,310
single-shot__clear__noise-0.2__seed-03.json,clear,single-shot,3,random,0.2,True,True,False,False,1,4.640001406893134,0.9371134638786316,310
single-shot__clear__noise-0.2__seed-04.json,clear,single-shot,4,random,0.2,True,True,False,False,1,4.640001406893134,0.9420656207948923,310
single-shot__clear__noise-0.2__seed-05.json,clear,single-shot,5,random,0.2,True,True,False,False,1,4.640001406893134,0.9810572434216738,310
single-shot__clear__noise-0.2__seed-06.json,clear,single-shot,6,random,0.2,True,True,False,False,1,4.640001406893134,0.9771079961210489,310
single-shot__clear__noise-0.2__seed-07.json,clear,single-shot,7,random,0.2,True,True,False,False,1,4.640001406893134,0.9525253642350435,310
single-shot__clear__noise-0.2__seed-08.json,clear,single-shot,8,random,0.2,True,True,False,False,1,4.640001406893134,1.0755475722253323,310
single-shot__clear__noise-0.2__seed-09.json,clear,single-shot,9,random,0.2,True,True,False,False,1,4.640001406893134,0.9729864411056042,310
single-shot__clear__noise-0.2__seed-10.json,clear,single-shot,10,random,0.2,True,True,False,False,1,4.640001406893134,1.1184523608535528,310
single-shot__clear__noise-0.2__seed-11.json,clear,single-shot,11,random,0.2,True,True,False,False,1,4.640001406893134,0.9599262680858374,310
single-shot__clear__noise-0.2__seed-12.json,clear,single-shot,12,random,0.2,True,True,False,False,1,4.640001406893134,1.1756892409175634,310
single-shot__clear__noise-0.2__seed-13.json,clear,single-shot,13,random,0.2,True,True,False,False,1,4.640001406893134,1.0126539785414934,310
single-shot__clear__noise-0.2__seed-14.json,clear,single-shot,14,random,0.2,True,True,False,True,1,5.135999085381627,1.2135358210653067,341
single-shot__clear__noise-0.2__seed-15.json,clear,single-shot,15,random,0.2,True,True,False,False,1,4.640001406893134,1.0173920560628176,310
single-shot__clear__noise-0.2__seed-16.json,clear,single-shot,16,random,0.2,True,True,False,False,1,4.640001406893134,1.0853018872439861,310
single-shot__clear__noise-0.2__seed-17.json,clear,single-shot,17,random,0.2,True,True,False,False,1,4.640001406893134,0.9531771149486303,310
single-shot__clear__noise-0.2__seed-18.json,clear,single-shot,18,random,0.2,True,True,False,True,1,5.135999085381627,0.9851230587810278,341
single-shot__clear__noise-0.2__seed-19.json,clear,single-shot,19,random,0.2,True,True,False,False,1,4.640001406893134,1.0695540681481361,310
single-shot__clear__noise-0.3__seed-00.json,clear,single-shot,0,random,0.3,True,True,False,False,1,4.640001406893134,0.890234898775816,310
single-shot__clear__noise-0.3__seed-01.json,clear,single-shot,1,random,0.3,True,True,False,True,1,5.135999085381627,1.063362441956997,341
single-shot__clear__noise-0.3__seed-02.json,clear,single-shot,2,random,0.3,True,True,False,False,1,4.640001406893134,0.9047314673662186,310
single-shot__clear__noise-0.3__seed-03.json,clear,single-shot,3,random,0.3,True,True,False,True,1,5.135999085381627,1.033810455352068,341
single-shot__clear__noise-0.3__seed-04.json,clear,single-shot,4,random,0.3,True,True,False,True,1,5.135999085381627,0.8984886966645718,341
single-shot__clear__noise-0.3__seed-05.json,clear,single-shot,5,random,0.3,True,True,False,False,1,4.640001406893134,1.0035016275942326,310
single-shot__clear__noise-0.3__seed-06.json,clear,single-shot,6,random,0.3,True,True,False,False,1,4.640001406893134,0.9842218328267336,310
single-shot__clear__noise-0.3__seed-07.json,clear,single-shot,7,random,0.3,True,True,False,False,1,4.640001406893134,0.9492859579622746,310
single-shot__clear__noise-0.3__seed-08.json,clear,single-shot,8,random,0.3,True,True,False,True,1,5.135999085381627,0.8920150268822908,341
single-shot__clear__noise-0.3__seed-09.json,clear,single-shot,9,random,0.3,True,True,False,False,1,4.640001406893134,1.091995980590582,310
single-shot__clear__noise-0.3__seed-10.json,clear,single-shot,10,random,0.3,True,True,False,False,1,4.640001406893134,1.1103685852140188,310
single-shot__clear__noise-0.3__seed-11.json,clear,single-shot,11,random,0.3,True,True,False,False,1,4.640001406893134,0.9365567676723003,310
single-shot__clear__noise-0.3__seed-12.json,clear,single-shot,12,random,0.3,True,True,False,False,1,4.640001406893134,0.8643292598426342,310
single-shot__clear__noise-0.3__seed-13.json,clear,single-shot,13,random,0.3,True,True,False,True,1,5.135999085381627,0.9726668689399958,341
single-shot__clear__noise-0.3__seed-14.json,clear,single-shot,14,random,0.3,True,True,False,True,1,5.135999085381627,0.9568715784698725,341
single-shot__clear__noise-0.3__seed-15.json,clear,single-shot,15,random,0.3,True,True,False,False,1,4.640001406893134,0.8681670147925615,310
single-shot__clear__noise-0.3__seed-16.json,clear,single-shot,16,random,0.3,True,True,False,False,1,4.640001406893134,0.8744786214083433,310
single-shot__clear__noise-0.3__seed-17.json,clear,single-shot,17,random,0.3,True,True,False,False,1,4.640001406893134,0.8734735734760761,310
single-shot__clear__noise-0.3__seed-18.json,clear,single-shot,18,random,0.3,True,True,False,True,1,5.135999085381627,0.9191030897200108,341
single-shot__clear__noise-0.3__seed-19.json,clear,single-shot,19,random,0.3,True,True,False,False,1,4.640001406893134,0.8674934599548578,310
